ReservableOptionMarketGroupId,WeekBeforeArrival,actual_incremental,pred_incremental_simulated
Benelux-Hakamoo-Turtonator-Permanent-2024-07-08,52,0.0,1.2486972707479467e-13
Benelux-Hakamoo-Turtonator-Permanent-2024-07-08,51,0.0,0.005412492043155874
Benelux-Hakamoo-Turtonator-Permanent-2024-07-08,50,0.0,0.005396636539385045
Benelux-Hakamoo-Turtonator-Permanent-2024-07-08,49,0.0,0.005536321427399976
Benelux-Hakamoo-Turtonator-Permanent-2024-07-08,48,0.0,0.005633837562605985
Benelux-Hakamoo-Turtonator-Permanent-2024-07-08,47,2.0,0.005792854471089802
Benelux-Hakamoo-Turtonator-Permanent-2024-07-08,46,1.0,0.005458029383426415
Benelux-Hakamoo-Turtonator-Permanent-2024-07-08,45,0.0,0.005444349539031978
Benelux-Hakamoo-Turtonator-Permanent-2024-07-08,44,1.0,0.005943025576244783
Benelux-Hakamoo-Turtonator-Permanent-2024-07-08,43,0.0,0.006028374861585444
Benelux-Hakamoo-Turtonator-Permanent-2024-07-08,42,0.0,0.005957543375078241
Benelux-Hakamoo-Turtonator-Permanent-2024-07-08,41,0.0,0.005947589373969754
Benelux-Hakamoo-Turtonator-Permanent-2024-07-08,40,0.0,0.005807477738226941
Benelux-Hakamoo-Turtonator-Permanent-2024-07-08,39,2.0,0.005840858333563616
Benelux-Hakamoo-Turtonator-Permanent-2024-07-08,38,1.0,0.005827918417512188
Benelux-Hakamoo-Turtonator-Permanent-2024-07-08,37,3.0,0.005992987676762131
Benelux-Hakamoo-Turtonator-Permanent-2024-07-08,36,0.0,0.0061556242586419075
Benelux-Hakamoo-Turtonator-Permanent-2024-07-08,35,0.0,0.006222366141706834
Benelux-Hakamoo-Turtonator-Permanent-2024-07-08,34,3.0,0.006000590465070157
Benelux-Hakamoo-Turtonator-Permanent-2024-07-08,33,2.0,0.0055719460426864155
Benelux-Hakamoo-Turtonator-Permanent-2024-07-08,32,2.0,0.00549149010082149
Benelux-Hakamoo-Turtonator-Permanent-2024-07-08,31,1.0,0.00619811384167391
Benelux-Hakamoo-Turtonator-Permanent-2024-07-08,30,2.0,0.0060503602758156414
Benelux-Hakamoo-Turtonator-Permanent-2024-07-08,29,1.0,0.005732756346801861
Benelux-Hakamoo-Turtonator-Permanent-2024-07-08,28,0.0,0.37218554736801573
Benelux-Hakamoo-Turtonator-Permanent-2024-07-08,27,1.0,0.37906369650899163
Benelux-Hakamoo-Turtonator-Permanent-2024-07-08,26,2.0,0.37865122900351605
Benelux-Hakamoo-Turtonator-Permanent-2024-07-08,25,0.0,0.3852547684819631
Benelux-Hakamoo-Turtonator-Permanent-2024-07-08,24,0.0,0.35877361191841683
Benelux-Hakamoo-Turtonator-Permanent-2024-07-08,23,0.0,0.3510409466925606
Benelux-Hakamoo-Turtonator-Permanent-2024-07-08,22,0.0,0.3411319156441506
Benelux-Hakamoo-Turtonator-Permanent-2024-07-08,21,0.0,0.3407068398607422
Benelux-Hakamoo-Turtonator-Permanent-2024-07-08,20,0.0,0.33728597951633327
Benelux-Hakamoo-Turtonator-Permanent-2024-07-08,19,0.0,0.34160344824294875
Benelux-Hakamoo-Turtonator-Permanent-2024-07-08,18,0.0,0.334036219969132
Benelux-Hakamoo-Turtonator-Permanent-2024-07-08,17,0.0,0.32371111240580697
Benelux-Hakamoo-Turtonator-Permanent-2024-07-08,16,0.0,0.29612376718034916
Benelux-Hakamoo-Turtonator-Permanent-2024-07-08,15,0.0,0.28079571914320706
Benelux-Hakamoo-Turtonator-Permanent-2024-07-08,14,0.0,0.2723676775407182
Benelux-Hakamoo-Turtonator-Permanent-2024-07-08,13,0.0,0.28595812137431137
Benelux-Hakamoo-Turtonator-Permanent-2024-07-08,12,0.0,0.2770883809652939
Benelux-Hakamoo-Turtonator-Permanent-2024-07-08,11,0.0,0.2835411738499976
Benelux-Hakamoo-Turtonator-Permanent-2024-07-08,10,0.0,0.28588566731786286
Benelux-Hakamoo-Turtonator-Permanent-2024-07-08,9,0.0,0.2991269061117722
Benelux-Hakamoo-Turtonator-Permanent-2024-07-08,8,0.0,0.2702082821669784
Benelux-Hakamoo-Turtonator-Permanent-2024-07-08,7,0.0,0.2025004264604893
Benelux-Hakamoo-Turtonator-Permanent-2024-07-08,6,0.0,0.20288419796547866
Benelux-Hakamoo-Turtonator-Permanent-2024-07-08,5,0.0,0.20520568126064428
Benelux-Hakamoo-Turtonator-Permanent-2024-07-08,4,0.0,0.22624637122055197
Benelux-Hakamoo-Turtonator-Permanent-2024-07-08,3,0.0,0.23938832374052357
Benelux-Hakamoo-Turtonator-Permanent-2024-07-08,2,0.0,0.2150637745415793
Benelux-Hakamoo-Turtonator-Permanent-2024-07-08,1,0.0,0.16788212474306707
Benelux-Hakamoo-Turtonator-Permanent-2024-07-08,0,0.0,0.17284489110196613
Benelux-Quaquaval-Sizzlipede-Mobile-2024-02-19,52,0.0,2.808928957654815e-7
Benelux-Quaquaval-Sizzlipede-Mobile-2024-02-19,51,0.0,0.004229917557218973
Benelux-Quaquaval-Sizzlipede-Mobile-2024-02-19,50,0.0,0.004214218160350658
Benelux-Quaquaval-Sizzlipede-Mobile-2024-02-19,49,0.0,0.004442648530618719
Benelux-Quaquaval-Sizzlipede-Mobile-2024-02-19,48,0.0,0.004465664822702862
Benelux-Quaquaval-Sizzlipede-Mobile-2024-02-19,47,0.0,0.004611160136957035
Benelux-Quaquaval-Sizzlipede-Mobile-2024-02-19,46,0.0,0.004301348517411872
Benelux-Quaquaval-Sizzlipede-Mobile-2024-02-19,45,0.0,0.004278428116360996
Benelux-Quaquaval-Sizzlipede-Mobile-2024-02-19,44,0.0,0.004669202274100029
Benelux-Quaquaval-Sizzlipede-Mobile-2024-02-19,43,0.0,0.004724070469431102
Benelux-Quaquaval-Sizzlipede-Mobile-2024-02-19,42,0.0,0.004792717778215405
Benelux-Quaquaval-Sizzlipede-Mobile-2024-02-19,41,0.0,0.004948469029448427
Benelux-Quaquaval-Sizzlipede-Mobile-2024-02-19,40,0.0,0.0048289616268809114
Benelux-Quaquaval-Sizzlipede-Mobile-2024-02-19,39,0.0,0.004760761321367413
Benelux-Quaquaval-Sizzlipede-Mobile-2024-02-19,38,0.0,0.004575659691886309
Benelux-Quaquaval-Sizzlipede-Mobile-2024-02-19,37,0.0,0.004746736591717632
Benelux-Quaquaval-Sizzlipede-Mobile-2024-02-19,36,0.0,0.0047763566126746496
Benelux-Quaquaval-Sizzlipede-Mobile-2024-02-19,35,0.0,0.004866729015061011
Benelux-Quaquaval-Sizzlipede-Mobile-2024-02-19,34,0.0,0.004669432719998004
Benelux-Quaquaval-Sizzlipede-Mobile-2024-02-19,33,0.0,0.004494251584240086
Benelux-Quaquaval-Sizzlipede-Mobile-2024-02-19,32,0.0,0.004519916145059197
Benelux-Quaquaval-Sizzlipede-Mobile-2024-02-19,31,0.0,0.0050101632317298035
Benelux-Quaquaval-Sizzlipede-Mobile-2024-02-19,30,0.0,0.0050101632317298035
Benelux-Quaquaval-Sizzlipede-Mobile-2024-02-19,29,0.0,0.0046541953857642355
Benelux-Quaquaval-Sizzlipede-Mobile-2024-02-19,28,0.0,0.3783946214115441
Benelux-Quaquaval-Sizzlipede-Mobile-2024-02-19,27,0.0,0.3923590578774418
Benelux-Quaquaval-Sizzlipede-Mobile-2024-02-19,26,0.0,0.3970341556086675
Benelux-Quaquaval-Sizzlipede-Mobile-2024-02-19,25,0.0,0.4127557438092191
Benelux-Quaquaval-Sizzlipede-Mobile-2024-02-19,24,0.0,0.3758389351755065
Benelux-Quaquaval-Sizzlipede-Mobile-2024-02-19,23,0.0,0.369301295519556
Benelux-Quaquaval-Sizzlipede-Mobile-2024-02-19,22,0.0,0.3649382777343204
Benelux-Quaquaval-Sizzlipede-Mobile-2024-02-19,21,0.0,0.3499658748915804
Benelux-Quaquaval-Sizzlipede-Mobile-2024-02-19,20,0.0,0.348762280589003
Benelux-Quaquaval-Sizzlipede-Mobile-2024-02-19,19,0.0,0.3529499015398186
Benelux-Quaquaval-Sizzlipede-Mobile-2024-02-19,18,0.0,0.35310599834891265
Benelux-Quaquaval-Sizzlipede-Mobile-2024-02-19,17,0.0,0.35128937568562985
Benelux-Quaquaval-Sizzlipede-Mobile-2024-02-19,16,0.0,0.3475618405725682
Benelux-Quaquaval-Sizzlipede-Mobile-2024-02-19,15,0.0,0.3391460151019924
Benelux-Quaquaval-Sizzlipede-Mobile-2024-02-19,14,0.0,0.323779580285459
Benelux-Quaquaval-Sizzlipede-Mobile-2024-02-19,13,0.0,0.31930972337109315
Benelux-Quaquaval-Sizzlipede-Mobile-2024-02-19,12,1.0,0.32100045941874294
Benelux-Quaquaval-Sizzlipede-Mobile-2024-02-19,11,0.0,0.3197888410205393
Benelux-Quaquaval-Sizzlipede-Mobile-2024-02-19,10,0.0,0.3199927575924762
Benelux-Quaquaval-Sizzlipede-Mobile-2024-02-19,9,0.0,0.3160982771395135
Benelux-Quaquaval-Sizzlipede-Mobile-2024-02-19,8,0.0,0.31589635931503757
Benelux-Quaquaval-Sizzlipede-Mobile-2024-02-19,7,0.0,0.3157957968655255
Benelux-Quaquaval-Sizzlipede-Mobile-2024-02-19,6,0.0,0.31197728226002264
Benelux-Quaquaval-Sizzlipede-Mobile-2024-02-19,5,0.0,0.298694121925654
Benelux-Quaquaval-Sizzlipede-Mobile-2024-02-19,4,0.0,0.28253943817300475
Benelux-Quaquaval-Sizzlipede-Mobile-2024-02-19,3,0.0,0.2872042553753475
Benelux-Quaquaval-Sizzlipede-Mobile-2024-02-19,2,0.0,0.28370388039681105
Benelux-Quaquaval-Sizzlipede-Mobile-2024-02-19,1,0.0,0.2954457748495588
Benelux-Quaquaval-Sizzlipede-Mobile-2024-02-19,0,0.0,0.2945843349288884
Domestic-Obstagoon-Finneon-Static-2024-06-24,52,5.0,3.061238691879991e-7
Domestic-Obstagoon-Finneon-Static-2024-06-24,51,2.0,0.004266245941683787
Domestic-Obstagoon-Finneon-Static-2024-06-24,50,6.0,0.004320399215901368
Domestic-Obstagoon-Finneon-Static-2024-06-24,49,4.0,0.00440996753838051
Domestic-Obstagoon-Finneon-Static-2024-06-24,48,3.0,0.004430438007206488
Domestic-Obstagoon-Finneon-Static-2024-06-24,47,8.0,0.004534206797922835
Domestic-Obstagoon-Finneon-Static-2024-06-24,46,4.0,0.00415956104796434
Domestic-Obstagoon-Finneon-Static-2024-06-24,45,4.0,0.004434917395164953
Domestic-Obstagoon-Finneon-Static-2024-06-24,44,7.0,0.004874929648725955
Domestic-Obstagoon-Finneon-Static-2024-06-24,43,11.0,0.004930829106896257
Domestic-Obstagoon-Finneon-Static-2024-06-24,42,6.0,0.004911566005865735
Domestic-Obstagoon-Finneon-Static-2024-06-24,41,4.0,0.004932907509687776
Domestic-Obstagoon-Finneon-Static-2024-06-24,40,8.0,0.004911648006715865
Domestic-Obstagoon-Finneon-Static-2024-06-24,39,11.0,0.005031209062223123
Domestic-Obstagoon-Finneon-Static-2024-06-24,38,13.0,0.004748876846236043
Domestic-Obstagoon-Finneon-Static-2024-06-24,37,5.0,0.00476469139121475
Domestic-Obstagoon-Finneon-Static-2024-06-24,36,3.0,0.004896260110051771
Domestic-Obstagoon-Finneon-Static-2024-06-24,35,1.0,0.005179009863238559
Domestic-Obstagoon-Finneon-Static-2024-06-24,34,2.0,0.005135786362612394
Domestic-Obstagoon-Finneon-Static-2024-06-24,33,1.0,0.0046717072066911275
Domestic-Obstagoon-Finneon-Static-2024-06-24,32,1.0,0.004489511586361742
Domestic-Obstagoon-Finneon-Static-2024-06-24,31,0.0,0.004997614675636259
Domestic-Obstagoon-Finneon-Static-2024-06-24,30,0.0,0.004960388878974351
Domestic-Obstagoon-Finneon-Static-2024-06-24,29,0.0,0.004880868004865554
Domestic-Obstagoon-Finneon-Static-2024-06-24,28,0.0,0.004753567731084314
Domestic-Obstagoon-Finneon-Static-2024-06-24,27,0.0,0.0052123283210102015
Domestic-Obstagoon-Finneon-Static-2024-06-24,26,0.0,0.004111197844701131
Domestic-Obstagoon-Finneon-Static-2024-06-24,25,0.0,0.005356443726181998
Domestic-Obstagoon-Finneon-Static-2024-06-24,24,0.0,0.3903941485925736
Domestic-Obstagoon-Finneon-Static-2024-06-24,23,0.0,0.39331770857058074
Domestic-Obstagoon-Finneon-Static-2024-06-24,22,0.0,0.39885869875730995
Domestic-Obstagoon-Finneon-Static-2024-06-24,21,0.0,0.401194121901667
Domestic-Obstagoon-Finneon-Static-2024-06-24,20,0.0,0.3704154943852552
Domestic-Obstagoon-Finneon-Static-2024-06-24,19,0.0,0.3650658723816343
Domestic-Obstagoon-Finneon-Static-2024-06-24,18,0.0,0.36493812951546545
Domestic-Obstagoon-Finneon-Static-2024-06-24,17,0.0,0.352487657152988
Domestic-Obstagoon-Finneon-Static-2024-06-24,16,0.0,0.3471508891442091
Domestic-Obstagoon-Finneon-Static-2024-06-24,15,0.0,0.33855704852556245
Domestic-Obstagoon-Finneon-Static-2024-06-24,14,0.0,0.32972455579559207
Domestic-Obstagoon-Finneon-Static-2024-06-24,13,0.0,0.3394747705522847
Domestic-Obstagoon-Finneon-Static-2024-06-24,12,0.0,0.32183857627411727
Domestic-Obstagoon-Finneon-Static-2024-06-24,11,0.0,0.3082192488618311
Domestic-Obstagoon-Finneon-Static-2024-06-24,10,0.0,0.30670855579266576
Domestic-Obstagoon-Finneon-Static-2024-06-24,9,0.0,0.30024933362956413
Domestic-Obstagoon-Finneon-Static-2024-06-24,8,0.0,0.2909114864599121
Domestic-Obstagoon-Finneon-Static-2024-06-24,7,0.0,0.24937047816247074
Domestic-Obstagoon-Finneon-Static-2024-06-24,6,0.0,0.2485061794612907
Domestic-Obstagoon-Finneon-Static-2024-06-24,5,0.0,0.24716533158894127
Domestic-Obstagoon-Finneon-Static-2024-06-24,4,0.0,0.26861294964665067
Domestic-Obstagoon-Finneon-Static-2024-06-24,3,0.0,0.3235409805874512
Domestic-Obstagoon-Finneon-Static-2024-06-24,2,0.0,0.2578166548957
Domestic-Obstagoon-Finneon-Static-2024-06-24,1,0.0,0.1649571984132171
Domestic-Obstagoon-Finneon-Static-2024-06-24,0,0.0,0.14545682913949382
